filename,width,height,class,xmin,ymin,xmax,ymax
IMG_4389.JPG,3264,2448,al,1747,604,2034,889
IMG_4389.JPG,3264,2448,al,1814,1601,2064,1829
IMG_4389.JPG,3264,2448,al,1737,574,2072,1836
IMG_4390.JPG,3264,2448,al,1892,596,2199,906
IMG_4390.JPG,3264,2448,al,1872,1674,2142,1906
IMG_4390.JPG,3264,2448,al,1889,576,2194,1879
IMG_4391.JPG,3264,2448,al,1879,396,2232,736
IMG_4391.JPG,3264,2448,al,1857,1566,2147,1786
IMG_4391.JPG,3264,2448,al,1884,389,2219,1776
IMG_4392.JPG,3264,2448,al,1517,479,1862,859
IMG_4392.JPG,3264,2448,al,1712,1571,2024,1831
IMG_4393.JPG,3264,2448,al,1479,319,1762,604
IMG_4393.JPG,3264,2448,al,1642,1281,1867,1509
IMG_4394.JPG,3264,2448,al,1667,704,1929,956
IMG_4394.JPG,3264,2448,al,1742,1571,2024,1786
IMG_4395.JPG,3264,2448,al,1182,464,1492,809
IMG_4395.JPG,3264,2448,al,1192,1496,1427,1681
IMG_4395.JPG,3264,2448,al,1192,439,1469,1671
IMG_4396.JPG,3264,2448,al,1399,471,1647,656
IMG_4396.JPG,3264,2448,al,1122,1146,1379,1354
IMG_4397.JPG,3264,2448,al,1872,421,2117,686
IMG_4397.JPG,3264,2448,al,1874,1451,2067,1646
IMG_4397.JPG,3264,2448,al,1867,414,2077,1664
IMG_4398.JPG,3264,2448,al,2017,459,2249,681
IMG_4398.JPG,3264,2448,al,2014,1389,2209,1601
IMG_4398.JPG,3264,2448,al,2022,449,2259,1606
IMG_4399.JPG,3264,2448,al,2027,434,2262,696
IMG_4399.JPG,3264,2448,al,1994,1389,2197,1601
IMG_4399.JPG,3264,2448,al,2024,426,2269,1589
IMG_4400.JPG,3264,2448,al,2302,1031,2542,1259
IMG_4400.JPG,3264,2448,al,1664,1556,1877,1774
IMG_4402.JPG,3264,2448,al,1869,396,2144,694
IMG_4402.JPG,3264,2448,al,1892,1474,2142,1706
IMG_4402.JPG,3264,2448,al,1854,366,2154,1694
IMG_4403.JPG,3264,2448,al,1089,429,1377,749
IMG_4403.JPG,3264,2448,al,1137,1541,1359,1734
IMG_4403.JPG,3264,2448,al,1079,414,1367,1721
IMG_4404.JPG,3264,2448,al,1707,1024,2012,1321
IMG_4404.JPG,3264,2448,al,1789,1751,2014,1876
IMG_4404.JPG,3264,2448,al,1714,1014,2027,1869
IMG_4405.JPG,3264,2448,al,1694,804,1914,981
IMG_4405.JPG,3264,2448,al,1644,1394,1889,1579
IMG_4405.JPG,3264,2448,al,1664,779,1907,1574
IMG_4406.JPG,3264,2448,al,1774,509,2057,786
IMG_4406.JPG,3264,2448,al,2057,1376,2317,1626
IMG_4407.JPG,3264,2448,al,1532,254,1889,509
IMG_4407.JPG,3264,2448,al,1927,1079,2284,1419
IMG_4408.JPG,3264,2448,al,1777,334,2179,731
IMG_4408.JPG,3264,2448,al,1954,1559,2237,1774
IMG_4409.JPG,3264,2448,al,1759,314,2172,721
IMG_4409.JPG,3264,2448,al,1954,1524,2249,1826
IMG_4410.JPG,3264,2448,al,1747,409,2072,699
IMG_4410.JPG,3264,2448,al,1942,1519,2199,1744
IMG_4411.JPG,3264,2448,al,1602,454,1857,716
IMG_4411.JPG,3264,2448,al,1694,1491,1922,1689
IMG_4411.JPG,3264,2448,al,1614,419,1924,1706
IMG_4412.JPG,3264,2448,al,1697,759,1994,1056
IMG_4412.JPG,3264,2448,al,1877,1656,2094,1816
IMG_4413.JPG,3264,2448,al,1954,486,2237,691
IMG_4413.JPG,3264,2448,al,1889,1329,2137,1509
IMG_4413.JPG,3264,2448,al,1922,439,2214,1509
IMG_4415.JPG,3264,2448,al,1347,389,1659,706
IMG_4415.JPG,3264,2448,al,1392,1491,1684,1726
IMG_4415.JPG,3264,2448,al,1354,376,1682,1724
IMG_4416.JPG,3264,2448,al,1332,566,1602,756
IMG_4416.JPG,3264,2448,al,1354,1341,1609,1544
IMG_4416.JPG,3264,2448,al,1334,556,1619,1536
IMG_4417.JPG,3264,2448,al,764,316,1079,641
IMG_4417.JPG,3264,2448,al,862,1549,1142,1769
IMG_4417.JPG,3264,2448,al,787,281,1154,1759
IMG_4418.JPG,3264,2448,al,1742,1584,1982,1804
IMG_4418.JPG,3264,2448,al,1214,976,1469,1259
IMG_4419.JPG,3264,2448,al,1619,689,1854,889
IMG_4419.JPG,3264,2448,al,1622,1504,1849,1671
IMG_4419.JPG,3264,2448,al,1614,644,1862,1671
IMG_4420.JPG,3264,2448,al,1699,1494,1917,1709
IMG_4420.JPG,3264,2448,al,1689,549,1969,851
IMG_4420.JPG,3264,2448,al,1692,521,1974,1711
IMG_4421.JPG,3264,2448,al,1219,1551,1464,1744
IMG_4421.JPG,3264,2448,al,1184,839,1442,1029
IMG_4421.JPG,3264,2448,al,1199,814,1464,1744
IMG_4422.JPG,3264,2448,al,1532,1294,1854,1546
IMG_4422.JPG,3264,2448,al,1502,299,1822,581
IMG_4422.JPG,3264,2448,al,1502,271,1864,1546
IMG_4423.JPG,3264,2448,al,1264,604,1577,884
IMG_4423.JPG,3264,2448,al,1247,1596,1502,1809
IMG_4423.JPG,3264,2448,al,1259,571,1559,1796
IMG_4424.JPG,3264,2448,al,1777,1464,2054,1704
IMG_4424.JPG,3264,2448,al,1784,229,2194,646
IMG_4424.JPG,3264,2448,al,1782,211,2194,1676
IMG_4425.JPG,3264,2448,al,1412,1586,1677,1784
IMG_4425.JPG,3264,2448,al,1472,774,1739,964
IMG_4425.JPG,3264,2448,al,1474,704,1727,1809
IMG_4426.JPG,3264,2448,al,1169,1456,1404,1691
IMG_4426.JPG,3264,2448,al,1167,271,1457,581
IMG_4426.JPG,3264,2448,al,1152,261,1439,1716
IMG_4428.JPG,3264,2448,al,1512,1306,1779,1519
IMG_4429.JPG,3264,2448,al,1604,864,1829,1046
IMG_4429.JPG,3264,2448,al,1597,1586,1794,1741
IMG_4429.JPG,3264,2448,al,1597,846,1822,1739
IMG_4430.JPG,3264,2448,al,1939,484,2279,839
IMG_4430.JPG,3264,2448,al,1789,1521,2084,1739
IMG_4431.JPG,3264,2448,al,1449,209,1784,569
IMG_4431.JPG,3264,2448,al,1464,1461,1719,1714
IMG_4431.JPG,3264,2448,al,1434,191,1772,1689
IMG_4432.JPG,3264,2448,al,1664,469,1919,749
IMG_4432.JPG,3264,2448,al,1692,1411,1959,1639
IMG_4432.JPG,3264,2448,al,1682,471,1962,1644
IMG_4433.JPG,3264,2448,al,1424,466,1727,749
IMG_4433.JPG,3264,2448,al,1497,1466,1752,1674
IMG_4433.JPG,3264,2448,al,1434,429,1769,1661
IMG_4434.JPG,3264,2448,al,1099,1489,1414,1734
IMG_4434.JPG,3264,2448,al,1067,309,1407,639
IMG_4434.JPG,3264,2448,al,1069,294,1414,1726
IMG_4435.JPG,3264,2448,al,1969,1189,2314,1476
IMG_4435.JPG,3264,2448,al,2077,324,2359,554
IMG_4435.JPG,3264,2448,al,2037,291,2334,1471
IMG_4436.JPG,3264,2448,al,1722,1499,2004,1736
IMG_4436.JPG,3264,2448,al,1487,284,1857,636
IMG_4437.JPG,3264,2448,al,1542,686,1759,901
IMG_4437.JPG,3264,2448,al,1554,1414,1757,1579
IMG_4437.JPG,3264,2448,al,1537,684,1762,1579
IMG_4438.JPG,3264,2448,al,1509,686,1742,901
IMG_4438.JPG,3264,2448,al,1519,1444,1707,1599
IMG_4438.JPG,3264,2448,al,1504,686,1709,1601
IMG_4439.JPG,3264,2448,al,1804,624,1969,816
IMG_4439.JPG,3264,2448,al,1599,1281,1772,1461
IMG_4441.JPG,3264,2448,al,1687,681,2007,974
IMG_4441.JPG,3264,2448,al,1662,1544,1869,1754
IMG_4442.JPG,3264,2448,al,1832,161,2077,489
IMG_4442.JPG,3264,2448,al,1789,1221,1994,1434
IMG_4443.JPG,3264,2448,al,1899,489,2147,774
IMG_4443.JPG,3264,2448,al,1869,1471,2079,1684
IMG_4443.JPG,3264,2448,al,1889,481,2147,1659
IMG_4444.JPG,3264,2448,al,1699,891,1967,1136
IMG_4444.JPG,3264,2448,al,2114,136,2374,374
IMG_4445.JPG,3264,2448,al,1599,806,1802,1056
IMG_4445.JPG,3264,2448,al,1639,1661,1817,1846
IMG_4445.JPG,3264,2448,al,1594,804,1829,1849
IMG_4446.JPG,3264,2448,al,1672,871,1939,1194
IMG_4446.JPG,3264,2448,al,1832,1744,2064,1974
IMG_4447.JPG,3264,2448,al,2349,359,2662,634
IMG_4447.JPG,3264,2448,al,2402,1301,2632,1506
IMG_4447.JPG,3264,2448,al,2379,331,2652,1486
IMG_4448.JPG,3264,2448,al,2384,464,2707,741
IMG_4448.JPG,3264,2448,al,2469,1406,2734,1634
IMG_4448.JPG,3264,2448,al,2429,449,2742,1634
IMG_4449.JPG,3264,2448,al,1822,521,2137,859
IMG_4449.JPG,3264,2448,al,1712,1566,2007,1829
IMG_4450.JPG,3264,2448,al,1759,331,2114,694
IMG_4450.JPG,3264,2448,al,1689,1501,1964,1754
IMG_4451.JPG,3264,2448,al,1819,556,2177,831
IMG_4451.JPG,3264,2448,al,1784,1621,2024,1881
IMG_4451.JPG,3264,2448,al,1789,499,2152,1866
IMG_4452.JPG,3264,2448,al,1672,546,1964,841
IMG_4452.JPG,3264,2448,al,1717,1569,1982,1754
IMG_4452.JPG,3264,2448,al,1659,529,1994,1746
IMG_4454.JPG,3264,2448,al,1317,234,1599,554
IMG_4454.JPG,3264,2448,al,1372,1401,1617,1616
IMG_4454.JPG,3264,2448,al,1322,226,1634,1624
IMG_4455.JPG,3264,2448,al,1644,524,1937,789
IMG_4455.JPG,3264,2448,al,1729,1526,2012,1739
IMG_4455.JPG,3264,2448,al,1649,509,1999,1739
IMG_4456.JPG,3264,2448,al,2052,301,2389,636
IMG_4456.JPG,3264,2448,al,1807,1399,2087,1651
IMG_4457.JPG,3264,2448,al,1669,354,1994,689
IMG_4457.JPG,3264,2448,al,1412,1489,1692,1731
IMG_4458.JPG,3264,2448,al,1449,276,1704,551
IMG_4458.JPG,3264,2448,al,1479,1239,1709,1436
IMG_4458.JPG,3264,2448,al,1442,279,1704,1434
IMG_4459.JPG,3264,2448,al,1709,626,1947,884
IMG_4459.JPG,3264,2448,al,1522,1434,1729,1621
IMG_4460.JPG,3264,2448,al,1402,299,1712,619
IMG_4460.JPG,3264,2448,al,1357,1386,1629,1646
IMG_4460.JPG,3264,2448,al,1367,266,1717,1671
IMG_4462.JPG,3264,2448,al,1519,381,1834,751
IMG_4462.JPG,3264,2448,al,1454,1549,1722,1766
IMG_4462.JPG,3264,2448,al,1474,314,1824,1764
IMG_4463.JPG,3264,2448,al,1799,879,2092,1181
IMG_4463.JPG,3264,2448,al,679,986,1069,1284
IMG_4464.JPG,3264,2448,al,867,761,1399,1194
IMG_4464.JPG,3264,2448,al,2182,806,2522,1086
IMG_4464.JPG,3264,2448,al,864,764,2567,1186
IMG_4465.JPG,3264,2448,al,1569,419,1864,706
IMG_4465.JPG,3264,2448,al,1452,1384,1694,1674
IMG_4466.JPG,3264,2448,al,1697,239,1979,544
IMG_4466.JPG,3264,2448,al,1589,1299,1824,1536
IMG_4467.JPG,3264,2448,al,1332,189,1669,521
IMG_4467.JPG,3264,2448,al,1272,1371,1507,1626
IMG_4467.JPG,3264,2448,al,1304,96,1659,1634
IMG_4469.JPG,3264,2448,al,1934,1094,2089,1276
IMG_4469.JPG,3264,2448,al,1677,1719,1854,1914
IMG_4470.JPG,3264,2448,al,1387,284,1692,611
IMG_4470.JPG,3264,2448,al,1464,1374,1724,1629
IMG_4470.JPG,3264,2448,al,1382,269,1739,1621
IMG_4471.JPG,3264,2448,al,1199,364,1552,716
IMG_4471.JPG,3264,2448,al,1699,1434,2007,1681
IMG_4472.JPG,3264,2448,al,1037,326,1352,644
IMG_4472.JPG,3264,2448,al,1164,1429,1414,1644
IMG_4473.JPG,3264,2448,al,1839,509,2129,794
IMG_4473.JPG,3264,2448,al,1892,1506,2129,1731
IMG_4473.JPG,3264,2448,al,1837,469,2144,1754
IMG_4474.JPG,3264,2448,al,1652,384,2084,854
IMG_4474.JPG,3264,2448,al,1762,1644,2074,1854
IMG_4474.JPG,3264,2448,al,1657,364,2127,1851
IMG_4475.JPG,3264,2448,al,1519,626,1769,859
IMG_4475.JPG,3264,2448,al,1487,1514,1714,1721
IMG_4475.JPG,3264,2448,al,1509,589,1774,1724
IMG_4476.JPG,3264,2448,al,1294,1456,1569,1714
IMG_4476.JPG,3264,2448,al,1234,274,1544,614
IMG_4476.JPG,3264,2448,al,1247,241,1579,1724
IMG_4477.JPG,3264,2448,al,2009,276,2309,599
IMG_4477.JPG,3264,2448,al,2014,1434,2252,1701
IMG_4477.JPG,3264,2448,al,2017,241,2297,1719
IMG_4478.JPG,3264,2448,al,2147,454,2434,721
IMG_4478.JPG,3264,2448,al,1939,1434,2269,1711
IMG_4479.JPG,3264,2448,al,2329,1079,2592,1236
IMG_4479.JPG,3264,2448,al,2012,1594,2297,1819
IMG_4480.JPG,3264,2448,al,2489,364,2819,796
IMG_4480.JPG,3264,2448,al,2224,1584,2497,1871
IMG_4481.JPG,3264,2448,al,1972,296,2229,726
IMG_4481.JPG,3264,2448,al,1817,1551,2019,1861
IMG_4482.JPG,3264,2448,al,1454,371,1737,709
IMG_4482.JPG,3264,2448,al,1947,1344,2259,1629
IMG_4483.JPG,3264,2448,al,1622,316,1839,576
IMG_4483.JPG,3264,2448,al,1857,1044,2092,1284
IMG_4484.JPG,3264,2448,al,1957,939,2079,1094
IMG_4484.JPG,3264,2448,al,2097,1336,2227,1469
IMG_4485.JPG,3264,2448,al,1654,1496,1947,1751
IMG_4485.JPG,3264,2448,al,1222,431,1534,796
IMG_4487.JPG,3264,2448,ilerle,1457,326,1707,554
IMG_4487.JPG,3264,2448,ilerle,1437,1066,1712,1514
IMG_4487.JPG,3264,2448,ilerle,1452,314,1719,1516
IMG_4488.JPG,3264,2448,ilerle,1392,449,1699,704
IMG_4488.JPG,3264,2448,ilerle,1432,1264,1734,1876
IMG_4488.JPG,3264,2448,ilerle,1374,396,1724,1861
IMG_4489.JPG,3264,2448,ilerle,2017,1069,2309,1639
IMG_4489.JPG,3264,2448,ilerle,2014,201,2319,474
IMG_4489.JPG,3264,2448,ilerle,2027,199,2314,1641
IMG_4490.JPG,3264,2448,ilerle,662,1121,947,1634
IMG_4490.JPG,3264,2448,ilerle,567,134,902,404
IMG_4490.JPG,3264,2448,ilerle,592,121,944,1624
IMG_4491.JPG,3264,2448,ilerle,1579,591,1974,954
IMG_4491.JPG,3264,2448,ilerle,1697,1571,1999,2031
IMG_4491.JPG,3264,2448,ilerle,1579,599,1999,2004
IMG_4492.JPG,3264,2448,ilerle,1857,754,2097,886
IMG_4493.JPG,3264,2448,ilerle,1347,789,1674,1354
IMG_4494.JPG,3264,2448,ilerle,1444,1444,1862,1901
IMG_4494.JPG,3264,2448,ilerle,857,961,1127,1246
IMG_4495.JPG,3264,2448,ilerle,1549,1281,1787,1534
IMG_4495.JPG,3264,2448,ilerle,1232,986,1387,1161
IMG_4496.JPG,3264,2448,ilerle,1824,986,2317,1489
IMG_4496.JPG,3264,2448,ilerle,982,289,1334,714
IMG_4497.JPG,3264,2448,ilerle,1697,1006,1994,1541
IMG_4497.JPG,3264,2448,ilerle,1667,199,1959,441
IMG_4497.JPG,3264,2448,ilerle,1679,154,2012,1546
IMG_4498.JPG,3264,2448,ilerle,837,339,1132,659
IMG_4498.JPG,3264,2448,ilerle,897,1251,1204,1756
IMG_4498.JPG,3264,2448,ilerle,862,341,1227,1761
IMG_4500.JPG,3264,2448,ilerle,1507,321,1794,579
IMG_4500.JPG,3264,2448,ilerle,1567,1189,1852,1701
IMG_4500.JPG,3264,2448,ilerle,1517,311,1847,1679
IMG_4501.JPG,3264,2448,ilerle,1667,414,1952,644
IMG_4501.JPG,3264,2448,ilerle,1617,1211,1874,1666
IMG_4501.JPG,3264,2448,ilerle,1629,401,1939,1616
IMG_4502.JPG,3264,2448,ilerle,1012,294,1282,524
IMG_4502.JPG,3264,2448,ilerle,1157,1141,1392,1641
IMG_4503.JPG,3264,2448,ilerle,1072,346,1304,619
IMG_4503.JPG,3264,2448,ilerle,1179,1184,1424,1636
IMG_4504.JPG,3264,2448,ilerle,829,544,1084,881
IMG_4504.JPG,3264,2448,ilerle,1254,1324,1552,1811
IMG_4505.JPG,3264,2448,ilerle,1322,306,1542,594
IMG_4505.JPG,3264,2448,ilerle,1782,1009,2094,1501
IMG_4506.JPG,3264,2448,ilerle,1187,774,1294,924
IMG_4506.JPG,3264,2448,ilerle,1434,1111,1612,1339
IMG_4507.JPG,3264,2448,ilerle,1624,1141,1767,1271
IMG_4507.JPG,3264,2448,ilerle,1349,1421,1527,1641
IMG_4508.JPG,3264,2448,ilerle,1284,569,1677,824
IMG_4508.JPG,3264,2448,ilerle,1949,286,2182,494
IMG_4509.JPG,3264,2448,ilerle,817,561,1042,844
IMG_4509.JPG,3264,2448,ilerle,1054,1236,1327,1669
IMG_4510.JPG,3264,2448,ilerle,1002,469,1254,741
IMG_4510.JPG,3264,2448,ilerle,1067,1304,1322,1821
IMG_4511.JPG,3264,2448,ilerle,1242,266,1499,564
IMG_4511.JPG,3264,2448,ilerle,1532,1094,1967,1629
IMG_4513.JPG,3264,2448,ilerle,1799,1159,2097,1659
IMG_4514.JPG,3264,2448,ilerle,1517,524,1754,809
IMG_4514.JPG,3264,2448,ilerle,1862,1171,2114,1529
IMG_4515.JPG,3264,2448,ilerle,1437,946,1632,1151
IMG_4515.JPG,3264,2448,ilerle,1834,1421,2272,1889
IMG_4516.JPG,3264,2448,ilerle,1712,884,2092,1261
IMG_4516.JPG,3264,2448,ilerle,1317,466,1514,646
IMG_4517.JPG,3264,2448,ilerle,1147,369,1569,899
IMG_4517.JPG,3264,2448,ilerle,2044,1446,2537,2174
IMG_4518.JPG,3264,2448,ilerle,1142,979,1602,1621
IMG_4518.JPG,3264,2448,ilerle,562,149,832,479
IMG_4520.JPG,3264,2448,ilerle,1147,149,1502,624
IMG_4520.JPG,3264,2448,ilerle,1487,1229,1999,1836
IMG_4521.JPG,3264,2448,ilerle,1554,1151,1832,1659
IMG_4521.JPG,3264,2448,ilerle,1574,224,1879,501
IMG_4521.JPG,3264,2448,ilerle,1574,219,1854,1694
IMG_4522.JPG,3264,2448,ilerle,949,446,1357,771
IMG_4522.JPG,3264,2448,ilerle,1187,1399,1512,1846
IMG_4523.JPG,3264,2448,ilerle,1857,86,2382,536
IMG_4523.JPG,3264,2448,ilerle,1862,1214,2224,1786
IMG_4524.JPG,3264,2448,ilerle,1317,1069,1559,1539
IMG_4524.JPG,3264,2448,ilerle,1269,169,1517,439
IMG_4524.JPG,3264,2448,ilerle,1252,154,1579,1561
IMG_4525.JPG,3264,2448,ilerle,1564,374,1777,624
IMG_4525.JPG,3264,2448,ilerle,1599,1229,1832,1689
IMG_4525.JPG,3264,2448,ilerle,1569,346,1834,1699
IMG_4526.JPG,3264,2448,ilerle,2242,206,2492,441
IMG_4526.JPG,3264,2448,ilerle,2372,951,2629,1426
IMG_4527.JPG,3264,2448,ilerle,1717,1051,2252,1414
IMG_4527.JPG,3264,2448,ilerle,922,924,1134,1221
IMG_4528.JPG,3264,2448,ilerle,662,789,917,1219
IMG_4528.JPG,3264,2448,ilerle,782,1764,1024,2021
IMG_4529.JPG,3264,2448,ilerle,744,956,1509,1281
IMG_4529.JPG,3264,2448,ilerle,2484,549,2949,1094
IMG_4530.JPG,3264,2448,ilerle,1427,574,1627,809
IMG_4530.JPG,3264,2448,ilerle,1659,1339,1962,1821
IMG_4531.JPG,3264,2448,ilerle,1702,864,1804,964
IMG_4531.JPG,3264,2448,ilerle,1799,1179,1922,1369
IMG_4533.JPG,3264,2448,ilerle,1712,564,1997,754
IMG_4533.JPG,3264,2448,ilerle,1602,1204,1994,1794
IMG_4533.JPG,3264,2448,ilerle,1659,524,1992,1804
IMG_4534.JPG,3264,2448,ilerle,1289,164,1567,511
IMG_4534.JPG,3264,2448,ilerle,1479,1146,1752,1669
IMG_4535.JPG,3264,2448,ilerle,1649,786,1909,1021
IMG_4535.JPG,3264,2448,ilerle,2034,1409,2329,1791
IMG_4536.JPG,3264,2448,ilerle,1407,346,1707,601
IMG_4536.JPG,3264,2448,ilerle,1529,1216,1782,1724
IMG_4536.JPG,3264,2448,ilerle,1397,341,1802,1714
IMG_4537.JPG,3264,2448,ilerle,1557,381,1924,671
IMG_4537.JPG,3264,2448,ilerle,1722,1171,1977,1494
IMG_4538.JPG,3264,2448,ilerle,2027,269,2339,444
IMG_4538.JPG,3264,2448,ilerle,1507,874,1979,1254
IMG_4539.JPG,3264,2448,ilerle,1349,211,1599,486
IMG_4539.JPG,3264,2448,ilerle,1322,1081,1569,1551
IMG_4539.JPG,3264,2448,ilerle,1349,199,1607,1544
IMG_4540.JPG,3264,2448,ilerle,1604,401,1922,736
IMG_4540.JPG,3264,2448,ilerle,1299,1406,1732,1876
IMG_4541.JPG,3264,2448,ilerle,1732,684,2034,896
IMG_4541.JPG,3264,2448,ilerle,1527,1304,1877,1599
IMG_4542.JPG,3264,2448,ilerle,2467,366,2849,581
IMG_4542.JPG,3264,2448,ilerle,1517,1086,2134,1526
IMG_4544.JPG,3264,2448,ilerle,322,279,589,554
IMG_4544.JPG,3264,2448,ilerle,347,1149,567,1646
IMG_4544.JPG,3264,2448,ilerle,314,274,607,1619
IMG_4546.JPG,3264,2448,ilerle,1479,1001,1702,1246
IMG_4546.JPG,3264,2448,ilerle,1944,1486,2259,1856
IMG_4547.JPG,3264,2448,ilerle,2337,369,2627,576
IMG_4547.JPG,3264,2448,ilerle,1912,1076,2259,1464
IMG_4548.JPG,3264,2448,ilerle,1792,186,2082,494
IMG_4548.JPG,3264,2448,ilerle,1692,1051,1934,1536
IMG_4550.JPG,3264,2448,ilerle,1112,664,1302,831
IMG_4550.JPG,3264,2448,ilerle,1147,1271,1337,1586
IMG_4550.JPG,3264,2448,ilerle,1114,664,1334,1574
IMG_4551.JPG,3264,2448,ilerle,1052,329,1394,614
IMG_4551.JPG,3264,2448,ilerle,1229,1161,1474,1529
IMG_4552.JPG,3264,2448,ilerle,2312,484,2589,674
IMG_4552.JPG,3264,2448,ilerle,1609,1006,2092,1344
IMG_4553.JPG,3264,2448,ilerle,999,401,1292,654
IMG_4553.JPG,3264,2448,ilerle,922,1236,1179,1724
IMG_4554.JPG,3264,2448,ilerle,2294,664,2679,959
IMG_4554.JPG,3264,2448,ilerle,1507,1394,1947,1864
IMG_4555.JPG,3264,2448,ilerle,1987,391,2374,779
IMG_4555.JPG,3264,2448,ilerle,917,1109,1514,1544
IMG_4556.JPG,3264,2448,ilerle,2202,326,2532,736
IMG_4556.JPG,3264,2448,ilerle,1234,1066,1752,1389
IMG_4557.JPG,3264,2448,ilerle,2547,259,3012,549
IMG_4557.JPG,3264,2448,ilerle,1142,804,1864,1124
IMG_4558.JPG,3264,2448,ilerle,2374,614,2744,959
IMG_4558.JPG,3264,2448,ilerle,1182,1006,1862,1356
IMG_4559.JPG,3264,2448,ilerle,1564,454,1907,704
IMG_4559.JPG,3264,2448,ilerle,1317,1269,1674,1776
IMG_4561.JPG,3264,2448,ilerle,1084,529,1329,774
IMG_4561.JPG,3264,2448,ilerle,944,1251,1222,1706
IMG_4562.JPG,3264,2448,ilerle,627,541,884,869
IMG_4562.JPG,3264,2448,ilerle,1197,1179,1789,1814
IMG_4563.JPG,3264,2448,ilerle,1437,106,1699,376
IMG_4563.JPG,3264,2448,ilerle,1572,881,1899,1436
IMG_4564.JPG,3264,2448,ilerle,1747,941,1939,1121
IMG_4564.JPG,3264,2448,ilerle,1804,1369,1962,1621
IMG_4564.JPG,3264,2448,ilerle,1752,931,1969,1626
IMG_4565.JPG,3264,2448,ilerle,1229,896,1414,1109
IMG_4565.JPG,3264,2448,ilerle,1244,1461,1394,1764
IMG_4565.JPG,3264,2448,ilerle,1232,889,1409,1774
IMG_4566.JPG,3264,2448,ilerle,2379,749,2599,881
IMG_4566.JPG,3264,2448,ilerle,2107,1126,2382,1394
IMG_4567.JPG,3264,2448,ilerle,1742,971,1819,1056
IMG_4567.JPG,3264,2448,ilerle,1749,1221,1824,1376
IMG_4567.JPG,3264,2448,ilerle,1742,969,1829,1379
IMG_4568.JPG,3264,2448,ilerle,1732,974,1809,1044
IMG_4568.JPG,3264,2448,ilerle,1749,1221,1824,1376
IMG_4568.JPG,3264,2448,ilerle,1734,984,1822,1376
IMG_4569.JPG,3264,2448,ilerle,2032,499,2219,644
IMG_4569.JPG,3264,2448,ilerle,1912,1079,2112,1364
IMG_4570.JPG,3264,2448,ilerle,2019,859,2177,964
IMG_4570.JPG,3264,2448,ilerle,1962,1244,2102,1456
IMG_4571.JPG,3264,2448,ilerle,1147,629,1469,959
IMG_4571.JPG,3264,2448,ilerle,1247,1611,1512,2031
IMG_4571.JPG,3264,2448,ilerle,1152,631,1532,2031
IMG_4572.JPG,3264,2448,ilerle,1152,631,1462,936
IMG_4572.JPG,3264,2448,ilerle,1259,1586,1524,2009
IMG_4572.JPG,3264,2448,ilerle,1154,631,1537,2004
IMG_4573.JPG,3264,2448,ilerle,2114,444,2327,581
IMG_4573.JPG,3264,2448,ilerle,1694,999,2052,1291
IMG_4574.JPG,3264,2448,ilerle,1784,901,2759,1541
IMG_4574.JPG,3264,2448,ilerle,327,774,792,1266
IMG_4575.JPG,3264,2448,ilerle,1564,381,1837,616
IMG_4575.JPG,3264,2448,ilerle,1547,1229,1829,1704
IMG_4575.JPG,3264,2448,ilerle,1557,381,1832,1704
IMG_4576.JPG,3264,2448,ilerle,1097,369,1537,684
IMG_4576.JPG,3264,2448,ilerle,1357,1429,1689,1906
IMG_4577.JPG,3264,2448,ilerle,1649,551,1917,686
IMG_4577.JPG,3264,2448,ilerle,1322,1039,1664,1444
IMG_4578.JPG,3264,2448,ilerle,1312,391,1602,731
IMG_4578.JPG,3264,2448,ilerle,1259,1354,1499,1851
IMG_4579.JPG,3264,2448,ilerle,1649,724,1847,889
IMG_4579.JPG,3264,2448,ilerle,1494,1221,1682,1569
IMG_4580.JPG,3264,2448,ilerle,1564,1384,1749,1724
IMG_4580.JPG,3264,2448,ilerle,1642,2054,1817,2254
IMG_4581.JPG,3264,2448,ilerle,664,1214,959,1589
IMG_4581.JPG,3264,2448,ilerle,1607,1564,2197,2029
IMG_4582.JPG,3264,2448,ilerle,317,576,747,1176
IMG_4582.JPG,3264,2448,ilerle,1859,1114,2972,1971
IMG_4583.JPG,3264,2448,ilerle,1542,929,1697,1119
IMG_4583.JPG,3264,2448,ilerle,1679,1349,1847,1619
IMG_4584.JPG,3264,2448,ilerle,1232,1414,1429,1619
IMG_4584.JPG,3264,2448,ilerle,937,1254,1059,1409
IMG_4585.JPG,3264,2448,ilerle,1717,776,1894,979
IMG_4585.JPG,3264,2448,ilerle,1754,1344,1977,1686
IMG_4585.JPG,3264,2448,ilerle,1732,769,1974,1666
IMG_4586.JPG,3264,2448,ilerle,1732,751,1912,949
IMG_4586.JPG,3264,2448,ilerle,1749,1324,1977,1644
IMG_4586.JPG,3264,2448,ilerle,1734,749,1989,1641
IMG_4588.JPG,3264,2448,ilerle,2399,606,2719,934
IMG_4588.JPG,3264,2448,ilerle,1574,1386,2087,1831
IMG_4591.JPG,3264,2448,ye,2109,959,2339,1164
IMG_4591.JPG,3264,2448,ye,2647,156,2909,456
IMG_4592.JPG,3264,2448,ye,2204,401,2522,806
IMG_4592.JPG,3264,2448,ye,1804,1486,2087,1781
IMG_4593.JPG,3264,2448,ye,1707,174,2054,679
IMG_4593.JPG,3264,2448,ye,1994,1361,2247,1749
IMG_4594.JPG,3264,2448,ye,1532,189,1744,544
IMG_4594.JPG,3264,2448,ye,1527,1209,1734,1451
IMG_4595.JPG,3264,2448,ye,2204,64,2544,546
IMG_4595.JPG,3264,2448,ye,2137,1446,2479,1811
IMG_4595.JPG,3264,2448,ye,2192,56,2539,1826
IMG_4596.JPG,3264,2448,ye,1664,854,1969,1081
IMG_4596.JPG,3264,2448,ye,1677,1531,2004,1784
IMG_4596.JPG,3264,2448,ye,1664,851,1999,1776
IMG_4597.JPG,3264,2448,ye,1709,1319,2009,1566
IMG_4597.JPG,3264,2448,ye,1487,31,1974,539
IMG_4598.JPG,3264,2448,ye,2372,1169,2799,1584
IMG_4598.JPG,3264,2448,ye,1349,1706,1659,1996
IMG_4599.JPG,3264,2448,ye,359,1041,732,1339
IMG_4599.JPG,3264,2448,ye,1987,1041,2647,1449
IMG_4599.JPG,3264,2448,ye,352,1041,2647,1461
IMG_4600.JPG,3264,2448,ye,2079,696,2577,1069
IMG_4600.JPG,3264,2448,ye,737,1124,1152,1416
IMG_4601.JPG,3264,2448,ye,1334,1351,1709,1719
IMG_4601.JPG,3264,2448,ye,2349,1279,2644,1599
IMG_4602.JPG,3264,2448,ye,857,1369,1124,1564
IMG_4602.JPG,3264,2448,ye,1874,1626,2347,1906
IMG_4604.JPG,3264,2448,ye,844,1089,1122,1366
IMG_4604.JPG,3264,2448,ye,249,1316,449,1494
IMG_4605.JPG,3264,2448,ye,1907,596,2127,939
IMG_4605.JPG,3264,2448,ye,1779,1511,1974,1746
IMG_4606.JPG,3264,2448,ye,2009,469,2207,621
IMG_4606.JPG,3264,2448,ye,1472,911,1709,1064
IMG_4607.JPG,3264,2448,ye,1357,219,1639,664
IMG_4607.JPG,3264,2448,ye,1184,1364,1449,1694
IMG_4608.JPG,3264,2448,ye,1289,381,1692,886
IMG_4608.JPG,3264,2448,ye,1417,1434,1689,1701
IMG_4608.JPG,3264,2448,ye,1347,389,1694,1674
IMG_4609.JPG,3264,2448,ye,992,684,1337,1139
IMG_4609.JPG,3264,2448,ye,1462,1974,1744,2236
IMG_4610.JPG,3264,2448,ye,1962,839,2089,981
IMG_4610.JPG,3264,2448,ye,2067,1226,2177,1331
IMG_4611.JPG,3264,2448,ye,1444,1009,1554,1119
IMG_4611.JPG,3264,2448,ye,1547,1344,1624,1464
IMG_4612.JPG,3264,2448,ye,1459,629,1669,889
IMG_4612.JPG,3264,2448,ye,1444,1451,1599,1649
IMG_4612.JPG,3264,2448,ye,1462,626,1654,1634
IMG_4613.JPG,3264,2448,ye,1619,1149,1882,1431
IMG_4613.JPG,3264,2448,ye,1809,169,2057,521
IMG_4614.JPG,3264,2448,ye,1452,324,1669,676
IMG_4614.JPG,3264,2448,ye,1414,1246,1579,1454
IMG_4615.JPG,3264,2448,ye,2139,651,2362,954
IMG_4615.JPG,3264,2448,ye,1967,1521,2154,1734
IMG_4617.JPG,3264,2448,ye,1919,619,2182,1004
IMG_4617.JPG,3264,2448,ye,1879,1669,2112,1911
IMG_4617.JPG,3264,2448,ye,1879,589,2169,1981
IMG_4618.JPG,3264,2448,ye,1369,584,1687,1031
IMG_4618.JPG,3264,2448,ye,1499,1526,1732,1744
IMG_4619.JPG,3264,2448,ye,1262,251,1547,684
IMG_4619.JPG,3264,2448,ye,1257,1386,1514,1676
IMG_4619.JPG,3264,2448,ye,1254,231,1552,1681
IMG_4620.JPG,3264,2448,ye,2477,384,2887,796
IMG_4620.JPG,3264,2448,ye,2029,1684,2454,2041
IMG_4621.JPG,3264,2448,ye,2489,616,2834,941
IMG_4621.JPG,3264,2448,ye,1822,1516,2139,1741
IMG_4622.JPG,3264,2448,ye,2467,351,2767,636
IMG_4622.JPG,3264,2448,ye,1687,1064,1957,1266
IMG_4624.JPG,3264,2448,ye,1977,904,2109,1099
IMG_4624.JPG,3264,2448,ye,2002,1379,2147,1524
IMG_4624.JPG,3264,2448,ye,1997,904,2149,1506
IMG_4625.JPG,3264,2448,ye,2302,726,2529,964
IMG_4625.JPG,3264,2448,ye,1902,1386,2187,1609
IMG_4626.JPG,3264,2448,ye,1612,236,1907,621
IMG_4626.JPG,3264,2448,ye,1644,1391,1897,1704
IMG_4626.JPG,3264,2448,ye,1614,236,1907,1706
IMG_4627.JPG,3264,2448,ye,1372,839,1597,1071
IMG_4627.JPG,3264,2448,ye,1859,1279,2049,1484
IMG_4628.JPG,3264,2448,ye,1689,701,1889,906
IMG_4628.JPG,3264,2448,ye,2189,989,2354,1144
IMG_4629.JPG,3264,2448,ye,1319,774,1582,1024
IMG_4629.JPG,3264,2448,ye,1974,1459,2169,1726
IMG_4630.JPG,3264,2448,ye,1789,561,2047,869
IMG_4630.JPG,3264,2448,ye,1887,1459,2082,1666
IMG_4631.JPG,3264,2448,ye,1942,511,2167,874
IMG_4631.JPG,3264,2448,ye,1927,1534,2154,1764
IMG_4631.JPG,3264,2448,ye,1942,516,2159,1766
IMG_4632.JPG,3264,2448,ye,2482,416,2734,646
IMG_4632.JPG,3264,2448,ye,2059,1034,2364,1246
IMG_4633.JPG,3264,2448,ye,1357,746,1637,1064
IMG_4633.JPG,3264,2448,ye,1452,1674,1709,1886
IMG_4634.JPG,3264,2448,ye,1872,1484,2109,1711
IMG_4635.JPG,3264,2448,ye,2002,616,2204,889
IMG_4635.JPG,3264,2448,ye,2042,1419,2242,1611
IMG_4635.JPG,3264,2448,ye,2017,596,2249,1619
IMG_4637.JPG,3264,2448,ye,1454,576,1712,901
IMG_4637.JPG,3264,2448,ye,1639,1559,1882,1791
IMG_4638.JPG,3264,2448,ye,1372,481,1627,791
IMG_4638.JPG,3264,2448,ye,1417,1434,1654,1676
IMG_4639.JPG,3264,2448,ye,1704,644,1934,949
IMG_4639.JPG,3264,2448,ye,1547,1501,1742,1714
IMG_4640.JPG,3264,2448,ye,1774,1661,1972,1884
IMG_4641.JPG,3264,2448,ye,1744,574,1974,896
IMG_4641.JPG,3264,2448,ye,1527,1511,1757,1764
IMG_4642.JPG,3264,2448,ye,2464,916,2717,1109
IMG_4642.JPG,3264,2448,ye,2047,1579,2312,1754
IMG_4643.JPG,3264,2448,ye,1447,809,1782,1259
IMG_4643.JPG,3264,2448,ye,1747,1846,2004,2091
IMG_4644.JPG,3264,2448,ye,2077,704,2292,926
IMG_4644.JPG,3264,2448,ye,1897,1409,2139,1676
IMG_4645.JPG,3264,2448,ye,1262,299,1504,659
IMG_4645.JPG,3264,2448,ye,1127,1341,1414,1619
IMG_4646.JPG,3264,2448,ye,1904,534,2154,814
IMG_4646.JPG,3264,2448,ye,1834,1336,2072,1539
IMG_4647.JPG,3264,2448,ye,2302,456,2534,766
IMG_4648.JPG,3264,2448,ye,1144,439,1524,794
IMG_4648.JPG,3264,2448,ye,2254,1014,2542,1339
IMG_4650.JPG,3264,2448,ye,1372,1371,1932,1791
IMG_4651.JPG,3264,2448,ye,1937,624,2159,954
IMG_4651.JPG,3264,2448,ye,1957,1606,2142,1839
IMG_4652.JPG,3264,2448,ye,1682,1574,1812,1746
IMG_4652.JPG,3264,2448,ye,1682,701,1809,971
IMG_4653.JPG,3264,2448,ye,1937,251,2074,484
IMG_4653.JPG,3264,2448,ye,1984,1031,2122,1196
IMG_4654.JPG,3264,2448,ye,2079,286,2467,691
IMG_4654.JPG,3264,2448,ye,1639,1394,1924,1581
IMG_4655.JPG,3264,2448,ye,1624,499,2074,806
IMG_4655.JPG,3264,2448,ye,652,1149,1002,1376
IMG_4656.JPG,3264,2448,ye,1639,201,1914,476
IMG_4656.JPG,3264,2448,ye,1389,1181,1734,1484
IMG_4658.JPG,3264,2448,ye,1237,169,1492,661
IMG_4658.JPG,3264,2448,ye,1202,1831,1494,2134
IMG_4659.JPG,3264,2448,ye,1079,779,1337,1071
IMG_4659.JPG,3264,2448,ye,1759,1419,1899,1711
IMG_4660.JPG,3264,2448,ye,949,446,1287,921
IMG_4660.JPG,3264,2448,ye,1502,1649,1782,2004
IMG_4661.JPG,3264,2448,ye,409,939,1149,1459
IMG_4661.JPG,3264,2448,ye,2034,2084,2454,2376
IMG_4662.JPG,3264,2448,ye,2387,786,2652,1014
IMG_4662.JPG,3264,2448,ye,1704,1494,2024,1716
IMG_4664.JPG,3264,2448,ye,1607,589,2032,1041
IMG_4664.JPG,3264,2448,ye,1867,1699,2197,1976
IMG_4665.JPG,3264,2448,ye,1302,846,1472,1049
IMG_4665.JPG,3264,2448,ye,1397,1434,1564,1611
IMG_4666.JPG,3264,2448,ye,1489,1224,1619,1376
IMG_4666.JPG,3264,2448,ye,1622,1654,1719,1776
IMG_4667.JPG,3264,2448,ye,1469,1236,1597,1386
IMG_4667.JPG,3264,2448,ye,1552,1636,1694,1766
IMG_4668.JPG,3264,2448,ye,2217,1321,2574,1531
IMG_4668.JPG,3264,2448,ye,1254,1579,1557,1734
IMG_4669.JPG,3264,2448,ye,1562,854,1702,1041
IMG_4669.JPG,3264,2448,ye,1627,1394,1744,1544
IMG_4669.JPG,3264,2448,ye,1574,864,1752,1519
IMG_4670.JPG,3264,2448,ye,1372,964,1547,1144
IMG_4670.JPG,3264,2448,ye,1759,1364,1907,1519
IMG_4671.JPG,3264,2448,ye,1294,139,1674,694
IMG_4671.JPG,3264,2448,ye,1792,1689,2109,2041
IMG_4672.JPG,3264,2448,ye,1267,779,1457,1029
IMG_4672.JPG,3264,2448,ye,1389,1546,1572,1724
IMG_4673.JPG,3264,2448,ye,1527,526,1717,784
IMG_4673.JPG,3264,2448,ye,1417,1216,1622,1406
IMG_4674.JPG,3264,2448,ye,1082,376,1522,736
IMG_4674.JPG,3264,2448,ye,2364,1304,2682,1559
IMG_4675.JPG,3264,2448,ye,1242,1119,1334,1211
IMG_4675.JPG,3264,2448,ye,1214,1436,1297,1499
IMG_4677.JPG,3264,2448,ye,1847,759,2414,1434
IMG_4678.JPG,3264,2448,ye,822,561,1217,949
IMG_4678.JPG,3264,2448,ye,1752,1459,2062,1896
IMG_4679.JPG,3264,2448,ye,1532,721,1729,964
IMG_4679.JPG,3264,2448,ye,1857,1401,2034,1631
IMG_4680.JPG,3264,2448,ye,1642,984,1859,1161
IMG_4680.JPG,3264,2448,ye,2062,1359,2222,1514
IMG_4681.JPG,3264,2448,ye,2294,806,2462,1049
IMG_4681.JPG,3264,2448,ye,2107,1559,2279,1726
IMG_4682.JPG,3264,2448,ye,1402,624,1654,769
IMG_4682.JPG,3264,2448,ye,1979,336,2182,496
IMG_4683.JPG,3264,2448,ye,1114,964,1437,1221
IMG_4683.JPG,3264,2448,ye,1984,1554,2157,1841
IMG_4684.JPG,3264,2448,ye,1689,789,1934,1004
IMG_4684.JPG,3264,2448,ye,2164,1441,2437,1719
